,home_runs,player_name,total_pitches,pitch_percent,xwoba,xba,launch_speed,launch_angle,spin_rate,velocity,effective_speed,release_extension
0,48,Khris Davis,2514,1.9,1.671,0.861,105.9,27.3,2269.0,89.6,89.01,5.93
1,43,J.D. Martinez,2519,1.7,1.537,0.792,105.0,28.2,2118.0,88.8,88.46,6.05
2,40,Joey Gallo,2348,1.7,1.588,0.8059999999999999,107.7,29.4,2164.0,88.6,88.14,5.96
3,39,Jose Ramirez,3002,1.3,1.1520000000000001,0.62,101.3,28.8,2192.0,91.6,91.37,6.09
4,39,Mike Trout,2543,1.5,1.5430000000000001,0.809,106.5,28.0,2203.0,87.8,87.11,5.9
5,38,Nolan Arenado,2592,1.5,1.242,0.654,102.2,29.2,2351.0,89.0,89.0,6.05
6,38,Francisco Lindor,2920,1.3,1.3619999999999999,0.757,104.4,25.8,2143.0,89.2,89.03,6.08
7,38,Giancarlo Stanton,2942,1.3,1.486,0.809,108.5,25.3,2241.0,87.0,86.38,5.9
8,37,Manny Machado,2529,1.5,1.4669999999999999,0.802,105.2,24.8,2322.0,87.8,87.31,5.88
9,37,Nelson Cruz,2282,1.6,1.661,0.883,108.0,25.5,2165.0,87.4,86.45,5.73
10,37,Trevor Story,2555,1.4,1.56,0.802,105.3,28.1,2250.0,87.0,86.74,5.86
11,36,Christian Yelich,2532,1.4,1.6219999999999999,0.855,106.5,26.4,2242.0,87.5,86.91,5.86
12,36,Matt Carpenter,2853,1.3,1.2209999999999999,0.628,102.0,30.8,2232.0,89.3,89.15,6.11
13,35,Jesus Aguilar,2432,1.4,1.455,0.7490000000000001,104.0,29.7,2189.0,89.7,89.05,5.89
14,35,Max Muncy,2066,1.7,1.358,0.691,103.5,30.7,2122.0,89.6,89.32,6.07
15,34,Javier Baez,2245,1.5,1.5930000000000002,0.8290000000000001,105.6,28.0,2263.0,87.8,87.44,5.98
16,34,Rhys Hoskins,2920,1.2,1.2790000000000001,0.677,104.0,29.5,2208.0,91.4,91.34,6.23
17,34,Eugenio Suarez,2429,1.4,1.486,0.769,104.4,28.6,2162.0,87.9,87.58,5.95
18,34,Bryce Harper,2877,1.2,1.652,0.83,106.8,29.1,2240.0,90.7,90.1,5.98
19,33,Paul Goldschmidt,2905,1.1,1.4240000000000002,0.7190000000000001,104.5,31.1,2235.0,88.6,88.08,5.92
20,32,Travis Shaw,2391,1.3,1.425,0.76,104.9,27.5,2167.0,90.0,89.83,6.06
21,32,Edwin Encarnacion,2293,1.4,1.4780000000000002,0.7659999999999999,103.7,28.0,2270.0,90.4,90.35,6.18
22,32,Mookie Betts,2582,1.2,1.4340000000000002,0.7490000000000001,103.4,28.0,2230.0,88.5,88.09,6.08
23,31,Alex Bregman,2821,1.1,1.042,0.5760000000000001,100.6,28.1,2164.0,89.3,88.89,6.15
24,30,Justin Upton,2527,1.2,1.489,0.7859999999999999,104.7,27.8,2333.0,86.0,85.41,5.92
25,30,C.J. Cron,2172,1.4,1.565,0.8059999999999999,106.4,27.8,2195.0,87.7,87.02,5.88
26,30,David Peralta,2272,1.3,1.315,0.7070000000000001,103.6,27.3,2298.0,87.7,87.06,5.84
27,29,Charlie Blackmon,2724,1.1,1.3030000000000002,0.6890000000000001,103.0,28.8,2230.0,88.4,88.31,6.02
28,29,Matt Olson,2844,1.0,1.6130000000000002,0.82,106.2,28.5,2206.0,87.7,87.1,5.91
29,28,Mike Moustakas,2380,1.2,1.349,0.72,103.4,28.1,2198.0,86.6,86.19,5.96
30,28,Michael Conforto,2654,1.1,1.399,0.732,103.6,27.5,2194.0,88.2,87.58,5.91
31,27,Daniel Palka,1839,1.5,1.5830000000000002,0.853,108.5,26.1,2125.0,89.4,89.13,6.03
32,27,Aaron Judge,2124,1.3,1.528,0.794,107.8,28.3,2356.0,89.2,88.43,5.81
33,27,Didi Gregorius,2082,1.3,0.945,0.5529999999999999,100.1,26.4,2157.0,88.5,88.23,6.16
34,27,Aaron Hicks,2487,1.1,1.185,0.629,102.0,29.4,2139.0,88.6,88.36,6.17
35,27,Stephen Piscotty,2167,1.2,1.386,0.708,103.4,29.7,2308.0,88.5,88.24,6.1
36,27,Salvador Perez,1926,1.4,1.317,0.7140000000000001,103.6,28.0,2219.0,88.6,88.34,6.01
37,27,Miguel Andujar,2135,1.3,1.057,0.574,101.2,28.8,2240.0,87.4,86.87,5.99
38,26,Kyle Schwarber,2139,1.2,1.546,0.8140000000000001,106.7,27.5,2148.0,88.2,87.62,5.92
39,26,Mitch Haniger,2716,1.0,1.6480000000000001,0.8440000000000001,105.0,28.3,2262.0,90.0,89.01,5.74
40,26,Hunter Renfroe,1715,1.5,1.4880000000000002,0.78,106.4,28.3,2164.0,87.9,87.32,5.86
41,26,Ronald Acuna Jr.,1985,1.3,1.6030000000000002,0.815,105.9,29.1,2213.0,89.4,89.23,6.07
42,25,Evan Gattis,1714,1.5,1.105,0.579,101.4,30.8,2254.0,88.6,88.29,6.13
43,25,Cody Bellinger,2644,0.9,1.475,0.753,104.7,30.3,2275.0,91.0,90.81,6.12
44,25,Randal Grichuk,1799,1.4,1.473,0.79,105.3,26.2,2186.0,89.5,89.0,6.01
45,25,Joc Pederson,1838,1.4,1.25,0.6709999999999999,104.1,28.8,2215.0,90.9,90.53,5.91
46,25,Anthony Rizzo,2444,1.0,1.321,0.706,103.9,28.6,2111.0,88.7,88.52,6.1
47,25,Justin Smoak,2452,1.0,1.2109999999999999,0.625,102.4,30.8,2261.0,90.7,90.49,6.2
48,24,Ozzie Albies,2386,1.0,1.057,0.575,101.3,28.7,2148.0,88.4,87.81,5.96
49,24,Yasmani Grandal,2222,1.1,1.446,0.77,104.0,27.5,2135.0,90.9,90.57,6.03
50,24,Trey Mancini,2516,1.0,1.354,0.723,103.8,28.0,2237.0,89.0,88.53,5.99
51,24,Matt Chapman,2544,0.9,1.281,0.731,105.4,26.1,2277.0,87.5,86.98,5.95
52,24,Carlos Santana,2801,0.9,1.375,0.7340000000000001,103.9,27.8,2156.0,89.8,89.25,6.0
53,24,Ryon Healy,1917,1.3,1.365,0.725,103.8,27.3,2145.0,87.4,86.73,5.81
54,24,Eddie Rosario,2100,1.1,0.9359999999999999,0.483,100.3,32.2,2352.0,86.3,85.19,5.78
55,24,Gleyber Torres,1951,1.2,1.3840000000000001,0.7140000000000001,103.0,29.7,2133.0,90.0,89.73,6.06
56,24,Anthony Rendon,2365,1.0,1.329,0.7020000000000001,103.3,28.4,2284.0,88.2,87.75,5.98
57,23,Asdrubal Cabrera,2232,1.0,1.093,0.568,101.7,32.0,2170.0,88.5,87.85,5.98
58,23,Gregory Polanco,2213,1.0,1.547,0.804,104.5,27.5,2115.0,89.0,88.92,6.18
59,23,Yonder Alonso,2201,1.0,1.3519999999999999,0.725,103.5,27.6,2228.0,91.0,90.39,5.9
60,23,Nicholas Castellanos,2439,0.9,1.365,0.708,102.9,28.8,2221.0,86.5,86.23,5.99
61,23,Marcell Ozuna,2322,1.0,1.615,0.853,107.6,25.5,2230.0,87.5,86.85,5.85
62,23,Jed Lowrie,2738,0.8,1.16,0.64,101.4,27.8,2223.0,88.5,88.05,6.07
63,23,Xander Bogaerts,2364,1.0,1.584,0.81,104.8,28.3,2297.0,89.3,88.87,5.98
64,23,Scooter Gennett,2443,0.9,0.887,0.47100000000000003,99.2,31.1,2263.0,85.7,84.94,5.77
65,23,Eduardo Escobar,2464,0.9,1.344,0.723,102.9,28.0,2174.0,87.1,86.67,5.97
66,23,Freddie Freeman,2663,0.9,1.48,0.7509999999999999,104.0,31.0,2184.0,89.5,89.37,6.13
67,23,Yasiel Puig,1727,1.3,1.3940000000000001,0.81,106.5,23.5,2216.0,85.2,84.8,5.9
68,22,Kyle Seager,2489,0.9,1.095,0.563,101.0,30.6,2126.0,89.0,88.52,6.12
69,22,Ian Desmond,2322,0.9,1.455,0.784,104.2,27.2,2264.0,88.6,88.39,6.02
70,22,Jose Abreu,2108,1.0,1.61,0.8370000000000001,106.4,27.1,2141.0,89.3,88.95,6.07
71,22,Juan Soto,2031,1.1,1.435,0.7390000000000001,105.1,29.5,2200.0,92.9,92.73,6.17
72,22,Teoscar Hernandez,2109,1.0,1.5030000000000001,0.7559999999999999,105.3,30.3,2279.0,89.0,88.6,6.11
73,22,Odubel Herrera,2319,0.9,1.165,0.675,103.9,25.3,2135.0,87.2,86.93,6.14
74,22,Maikel Franco,1645,1.3,1.176,0.679,102.7,24.7,2279.0,86.7,86.33,6.01
75,22,Shohei Ohtani,1455,1.5,1.6159999999999999,0.813,106.4,30.1,2206.0,91.4,90.89,5.96
76,22,George Springer,2501,0.9,1.445,0.746,104.0,27.7,2345.0,87.1,86.61,5.99
77,21,Tommy Pham,2246,0.9,1.581,0.8190000000000001,104.7,27.2,2163.0,87.1,86.77,6.09
78,21,A.J. Pollock,1720,1.2,1.327,0.696,102.9,28.5,2322.0,89.4,89.12,6.01
79,21,J.T. Realmuto,2042,1.0,1.569,0.8170000000000001,103.7,28.2,2166.0,90.4,89.85,5.9
80,21,Kendrys Morales,1908,1.1,1.4709999999999999,0.77,103.8,27.9,2230.0,88.4,87.43,5.78
81,21,Shin-Soo Choo,2770,0.8,1.479,0.7509999999999999,104.8,31.0,2170.0,89.8,89.64,6.12
82,21,Brian Dozier,2643,0.8,0.764,0.40399999999999997,99.3,33.1,2281.0,91.7,91.48,6.1
83,21,Jonathan Schoop,1767,1.2,1.285,0.7,103.7,27.8,2224.0,86.4,85.72,5.8
84,21,Rafael Devers,1828,1.1,1.37,0.758,104.7,25.4,2169.0,86.4,85.69,5.9
85,21,Enrique Hernandez,1870,1.1,1.504,0.8029999999999999,104.6,26.8,2268.0,89.6,89.39,6.07
86,21,Matt Adams,1258,1.7,1.4269999999999998,0.733,103.2,28.8,2327.0,88.8,87.71,5.61
87,21,Matt Kemp,1833,1.1,1.666,0.851,105.8,28.2,2212.0,88.6,88.36,6.08
88,20,Jurickson Profar,2340,0.9,1.189,0.653,102.8,27.3,2198.0,87.4,86.86,5.94
89,20,Andrew McCutchen,2889,0.7,1.395,0.725,103.1,28.9,2222.0,87.2,86.79,5.96
90,20,Ryan Braun,1581,1.3,1.5919999999999999,0.872,106.3,24.1,2218.0,85.7,84.95,5.79
91,20,Mike Zunino,1714,1.2,1.57,0.8,107.5,29.6,2207.0,87.4,86.78,5.9
92,20,Matt Davidson,2118,0.9,1.4569999999999999,0.794,105.7,24.5,2209.0,87.9,87.72,6.08
93,20,Max Kepler,2351,0.9,1.23,0.682,102.6,27.0,2307.0,88.7,87.92,5.81
94,20,Yadier Molina,1969,1.0,1.093,0.59,101.0,29.8,2207.0,91.2,90.87,6.14
95,20,Starling Marte,2267,0.9,1.449,0.76,103.8,28.1,2195.0,89.5,89.15,6.04
96,20,Tim Anderson,2200,0.9,1.167,0.61,101.9,30.4,2238.0,88.5,88.81,6.33
97,20,Christian Villanueva,1575,1.3,1.264,0.7020000000000001,103.1,26.5,2114.0,87.5,87.27,6.13
98,20,Nomar Mazara,2187,0.9,1.548,0.809,106.7,27.2,2155.0,86.4,86.04,6.06
99,20,Justin Bour,2077,1.0,1.557,0.8220000000000001,105.0,26.3,2218.0,90.0,89.82,6.18
100,19,Kole Calhoun,2148,0.9,1.5390000000000001,0.795,104.0,28.8,2136.0,88.6,88.45,6.17
101,19,Johan Camargo,2085,0.9,1.213,0.66,102.1,26.4,2144.0,90.0,89.67,6.05
102,19,Albert Pujols,1807,1.1,1.3459999999999999,0.7440000000000001,103.5,25.8,2152.0,87.7,87.24,5.99
103,19,Paul DeJong,1913,1.0,1.443,0.753,103.6,28.2,2200.0,89.2,88.62,5.98
104,19,Avisail Garcia,1414,1.3,1.5219999999999998,0.78,105.8,28.6,2272.0,86.5,85.59,5.74
105,19,Trea Turner,2927,0.6,1.209,0.682,102.5,26.5,2090.0,90.7,90.6,6.09
106,19,Jeimer Candelario,2673,0.7,1.4140000000000001,0.726,104.3,28.8,2195.0,90.8,90.11,5.93
107,18,Eric Hosmer,2571,0.7,1.449,0.747,103.4,28.7,2140.0,89.1,88.57,6.01
108,18,Robinson Chirinos,1797,1.0,1.139,0.5820000000000001,101.9,31.7,2171.0,87.6,86.93,5.94
109,18,Rougned Odor,1980,0.9,1.4380000000000002,0.7759999999999999,105.5,26.9,2184.0,87.8,87.19,5.88
110,18,Gary Sanchez,1531,1.2,1.656,0.8440000000000001,108.7,28.7,2200.0,90.3,89.98,6.16
111,18,Todd Frazier,2010,0.9,1.2429999999999999,0.653,101.7,28.4,2344.0,89.3,88.83,6.06
112,18,Jason Kipnis,2437,0.7,0.975,0.516,99.4,29.2,2225.0,91.1,90.9,6.08
113,18,Aledmys Diaz,1475,1.2,1.193,0.6779999999999999,102.8,25.4,2253.0,87.2,86.74,5.88
114,17,Brandon Nimmo,2262,0.8,1.2770000000000001,0.6940000000000001,102.9,27.3,2251.0,88.0,87.22,5.82
115,17,Tyler Austin,1126,1.5,1.604,0.805,107.5,30.5,2240.0,87.1,86.62,5.88
116,17,Chris Taylor,2475,0.7,1.329,0.703,102.5,28.6,2387.0,87.6,87.18,5.96
117,17,Yangervis Solarte,1773,1.0,1.317,0.703,103.7,27.3,2200.0,88.6,88.15,5.94
118,17,Yoan Moncada,2679,0.6,1.386,0.725,104.8,27.9,2138.0,89.5,88.86,5.82
119,17,Jose Martinez,2358,0.7,1.489,0.7709999999999999,105.0,28.8,2193.0,89.9,89.69,6.05
120,17,Mark Trumbo,1411,1.2,1.321,0.733,104.4,25.7,2246.0,89.9,89.28,5.89
121,17,Mark Canha,1735,1.0,1.4469999999999998,0.76,103.6,28.4,2091.0,88.3,87.67,5.91
122,17,Nick Williams,1704,1.0,1.436,0.752,104.3,28.6,2118.0,86.6,86.22,5.97
123,17,Michael Brantley,2286,0.7,1.273,0.6779999999999999,101.7,27.3,2224.0,88.0,88.21,6.33
124,17,Josh Reddick,1902,0.9,0.99,0.555,100.1,28.8,2231.0,85.2,84.18,5.74
125,17,Scott Schebler,1576,1.1,1.5190000000000001,0.774,105.0,28.4,2231.0,88.3,88.06,6.05
126,16,Andrew Benintendi,2581,0.6,1.317,0.691,102.5,30.1,2265.0,87.0,86.46,5.99
127,16,Yan Gomes,1718,0.9,1.369,0.708,103.3,29.9,2345.0,86.6,86.04,6.0
128,16,Ronald Guzman,1718,0.9,0.981,0.546,101.7,28.2,2113.0,87.2,86.48,5.84
129,16,Carlos Gonzalez,1885,0.8,1.3259999999999998,0.7290000000000001,104.5,25.3,2041.0,87.4,87.34,6.06
130,16,Chris Davis,2185,0.7,1.6469999999999998,0.838,104.9,28.9,2111.0,90.3,90.04,6.09
131,16,Niko Goodrum,1957,0.8,1.167,0.617,101.7,29.9,2153.0,89.3,89.16,6.14
132,16,Nick Ahmed,2124,0.8,0.935,0.51,99.3,28.9,2120.0,87.6,87.18,6.01
133,16,David Dahl,992,1.6,1.19,0.624,101.7,30.4,2268.0,90.6,90.48,5.99
134,16,Derek Dietrich,2163,0.7,1.286,0.696,103.1,27.3,2221.0,86.0,85.53,5.93
135,16,Marwin Gonzalez,2216,0.7,1.2990000000000002,0.674,102.4,29.4,2151.0,90.0,89.81,6.14
136,16,Eric Thames,1117,1.4,1.4680000000000002,0.743,105.3,31.6,2209.0,90.2,89.81,6.04
137,16,Evan Longoria,1932,0.8,1.459,0.752,103.6,29.5,2242.0,88.3,87.94,6.0
138,16,Franmil Reyes,1160,1.4,1.464,0.7559999999999999,106.3,29.2,2227.0,88.1,87.23,5.81
139,15,DJ LeMahieu,2191,0.7,1.242,0.69,102.2,26.0,2131.0,88.9,88.59,5.97
140,15,Adam Duvall,1648,0.9,1.4669999999999999,0.741,104.4,30.5,2325.0,89.7,89.25,5.88
141,15,Marcus Semien,2881,0.5,1.242,0.6459999999999999,101.8,30.7,2271.0,90.0,89.52,6.08
142,15,Carlos Correa,1908,0.8,1.402,0.747,104.4,26.5,2260.0,90.1,89.56,5.98
143,15,Kevin Pillar,1953,0.8,1.1840000000000002,0.6679999999999999,102.2,26.5,2239.0,85.8,85.3,5.92
144,15,Ian Happ,1917,0.8,1.564,0.813,104.5,27.6,2125.0,90.1,89.31,5.83
145,15,Cesar Hernandez,3009,0.5,1.0270000000000001,0.56,99.8,28.0,2099.0,90.2,90.01,6.15
146,15,Adam Jones,2167,0.7,1.3769999999999998,0.773,103.4,24.9,2196.0,90.0,89.17,5.92
147,15,Luke Voit,679,2.2,1.5619999999999998,0.802,105.0,27.9,2258.0,90.2,89.35,5.85
148,15,Adrian Beltre,1906,0.8,1.325,0.6970000000000001,102.0,28.1,2332.0,89.1,88.71,6.07
149,15,Wilson Ramos,1481,1.0,1.4240000000000002,0.736,103.3,28.3,2240.0,89.5,88.69,5.87
150,15,Mitch Moreland,1754,0.9,1.704,0.856,106.0,28.7,2325.0,89.0,88.25,5.88
151,15,Gorkys Hernandez,1772,0.8,1.219,0.649,102.0,29.3,2252.0,86.6,86.21,5.85
152,15,Logan Morrison,1455,1.0,1.4969999999999999,0.764,105.1,30.2,2107.0,89.9,89.27,5.86
153,14,Ian Kinsler,2086,0.7,1.041,0.568,100.1,29.6,2274.0,87.5,86.95,6.02
154,14,Jose Peraza,2296,0.6,0.991,0.595,100.7,25.1,2093.0,90.2,89.44,5.82
155,14,Adalberto Mondesi,1080,1.3,1.5930000000000002,0.805,104.5,29.6,2172.0,89.2,89.2,6.15
156,14,Nick Markakis,2798,0.5,1.105,0.612,101.0,27.1,2207.0,89.5,89.04,5.96
157,14,Dansby Swanson,2145,0.7,1.258,0.6609999999999999,101.4,28.7,2283.0,90.2,90.2,6.12
158,14,Justin Turner,1733,0.8,1.492,0.79,103.0,27.5,2102.0,89.9,89.89,6.15
159,14,Ketel Marte,2177,0.6,1.39,0.7879999999999999,104.9,24.0,2238.0,87.6,87.01,5.95
160,14,Austin Hedges,1298,1.1,1.227,0.637,101.8,30.1,2252.0,89.7,89.51,6.08
161,14,Jonathan Villar,2178,0.6,1.527,0.812,103.6,27.1,2017.0,87.6,87.19,6.04
162,14,Lucas Duda,1496,0.9,1.531,0.805,105.9,27.8,2139.0,88.0,87.78,6.01
163,14,Brandon Belt,1844,0.8,1.3530000000000002,0.6809999999999999,104.0,32.1,2133.0,87.8,87.36,5.94
164,14,Brandon Crawford,2218,0.6,1.192,0.637,101.6,28.9,2341.0,86.6,86.08,5.89
165,13,Jose Bautista,1728,0.8,1.2329999999999999,0.6629999999999999,103.0,29.5,2162.0,89.3,88.93,6.0
166,13,Jose Altuve,2123,0.6,1.0959999999999999,0.5479999999999999,103.2,33.5,2213.0,87.6,86.99,6.02
167,13,Kris Bryant,1742,0.7,1.53,0.775,104.4,29.8,2198.0,87.8,87.01,5.83
168,13,Corey Dickerson,1986,0.7,1.435,0.73,104.3,29.5,2268.0,86.9,86.33,5.92
169,13,Freddy Galvis,2573,0.5,0.871,0.45399999999999996,99.9,33.2,2222.0,88.4,88.2,6.13
170,13,Miguel Sano,1263,1.0,1.5530000000000002,0.7979999999999999,106.0,29.2,2249.0,89.3,88.91,5.98
171,13,Curtis Granderson,1752,0.7,0.9309999999999999,0.47700000000000004,100.8,33.2,2158.0,90.7,90.32,6.2
172,13,Mark Reynolds,962,1.4,1.359,0.711,103.3,28.9,2219.0,87.5,86.73,5.78
173,13,Jackie Bradley Jr.,2168,0.6,1.369,0.7090000000000001,103.4,29.8,2335.0,91.4,90.75,5.94
174,13,Jake Cave,1246,1.0,1.702,0.872,106.3,26.9,2182.0,92.5,92.28,6.21
175,13,Ryan Zimmerman,1292,1.0,1.594,0.846,105.5,26.3,2270.0,89.8,89.92,6.23
176,13,Yuli Gurriel,1908,0.7,0.7020000000000001,0.436,98.3,25.8,2279.0,85.1,84.62,6.1
177,13,Daniel Descalso,1729,0.8,1.117,0.614,100.5,27.5,2342.0,92.3,91.78,6.08
178,13,Chad Pinder,1204,1.1,1.506,0.804,104.3,26.9,2199.0,82.5,82.06,5.95
179,13,Alex Gordon,2191,0.6,1.3840000000000001,0.735,103.4,28.3,2212.0,88.3,87.85,5.88
180,12,Francisco Cervelli,1656,0.7,1.226,0.6759999999999999,102.8,27.3,2271.0,90.3,90.18,6.21
181,12,Charlie Culberson,1172,1.0,1.035,0.5489999999999999,100.5,30.8,2331.0,88.4,88.14,5.97
182,12,Ryan O'Hearn,699,1.7,1.324,0.7020000000000001,103.0,29.1,2194.0,88.3,88.24,6.09
183,12,Joey Votto,2504,0.5,1.044,0.54,100.6,32.6,2239.0,86.0,85.19,5.77
184,12,Brett Gardner,2581,0.5,1.117,0.613,101.5,28.8,2318.0,91.4,90.86,5.89
185,12,Starlin Castro,2417,0.5,1.245,0.669,102.1,27.7,2160.0,88.1,87.43,5.93
186,12,Kurt Suzuki,1331,0.9,0.88,0.495,100.5,30.2,2230.0,88.4,87.97,5.94
187,12,Tim Beckham,1547,0.8,1.335,0.754,103.2,25.8,2151.0,88.1,87.64,6.03
188,12,Harrison Bader,1772,0.7,1.092,0.578,101.6,31.2,2276.0,88.7,88.29,5.93
189,12,Tyler White,1049,1.1,1.018,0.5770000000000001,101.8,29.2,2306.0,90.5,90.43,6.23
190,12,Whit Merrifield,2733,0.4,1.156,0.608,102.1,31.5,2106.0,90.6,89.97,5.81
191,12,Josh Bell,2366,0.5,1.4880000000000002,0.7829999999999999,105.3,27.4,2195.0,91.6,90.92,5.86
192,12,Daniel Murphy,1275,0.9,1.186,0.631,101.3,29.1,2161.0,87.7,87.13,5.87
193,11,David Freese,1271,0.9,1.489,0.779,104.5,27.4,2203.0,90.8,90.23,5.94
194,11,Wilmer Flores,1602,0.7,0.816,0.47600000000000003,99.1,28.4,2289.0,89.6,89.25,6.08
195,11,Neil Walker,1585,0.7,1.3730000000000002,0.7040000000000001,102.5,29.4,2175.0,88.1,87.91,6.11
196,11,Andrelton Simmons,1980,0.6,0.912,0.56,100.3,24.8,2130.0,85.1,84.47,5.9
197,11,Chris Iannetta,1487,0.7,1.5119999999999998,0.79,105.4,27.7,2285.0,91.1,90.74,5.86
198,11,JaCoby Jones,1772,0.6,1.351,0.748,104.6,26.0,2287.0,88.8,87.7,5.62
199,11,Jake Bauers,1602,0.7,1.324,0.7120000000000001,102.6,27.3,2226.0,88.4,87.75,5.95
200,11,Leonys Martin,1369,0.8,1.305,0.688,103.1,29.3,2159.0,89.5,89.25,6.15
201,11,Brian Anderson,2641,0.4,1.406,0.752,104.3,28.1,2108.0,92.0,91.95,6.24
202,11,Lourdes Gurriel Jr.,986,1.1,1.091,0.607,101.8,28.7,2106.0,87.1,85.84,5.7
203,11,Lewis Brinson,1580,0.7,1.537,0.8109999999999999,106.4,27.3,2087.0,87.8,86.96,5.74
204,11,Steve Pearce,1047,1.1,1.5630000000000002,0.8140000000000001,105.2,27.8,2410.0,88.6,87.76,5.84
205,11,Miguel Rojas,1960,0.6,1.034,0.5489999999999999,100.1,27.5,2286.0,92.7,92.64,6.27
206,11,Colin Moran,1723,0.6,1.4269999999999998,0.742,102.7,28.8,2257.0,90.8,90.25,5.89
207,11,Denard Span,1935,0.6,1.207,0.71,101.4,25.4,2102.0,90.4,89.22,5.68
208,11,Hunter Dozier,1524,0.7,1.506,0.809,105.8,26.7,2340.0,92.5,92.07,6.0
209,11,Devin Mesoraco,1067,1.0,1.135,0.591,101.2,29.9,2170.0,91.6,91.35,6.06
210,11,Devon Travis,1394,0.8,1.278,0.682,102.3,27.6,2190.0,89.6,88.76,5.75
211,11,Jedd Gyorko,1588,0.7,1.3359999999999999,0.687,102.0,29.3,2210.0,89.7,89.82,6.35
212,11,Wil Myers,1419,0.8,1.306,0.691,104.4,27.8,2129.0,91.4,91.18,6.15
213,11,Greg Bird,1293,0.9,1.2109999999999999,0.6409999999999999,103.2,30.3,2312.0,89.8,89.8,6.24
214,10,Jorge Alfaro,1334,0.7,1.784,0.9,108.1,28.2,2222.0,85.6,85.14,6.02
215,10,Robinson Cano,1256,0.8,1.401,0.772,104.4,25.9,2243.0,87.7,86.77,5.7
216,10,Austin Romine,997,1.0,1.117,0.6609999999999999,101.7,24.4,2169.0,93.4,92.96,5.97
217,10,Ender Inciarte,2415,0.4,0.636,0.35,97.6,31.2,2230.0,89.3,89.06,6.14
218,10,Elias Diaz,1098,0.9,1.188,0.696,102.8,25.1,2240.0,84.6,83.66,5.67
219,10,Tucker Barnhart,1958,0.5,0.823,0.429,98.9,31.1,2180.0,88.8,88.91,6.31
220,10,Eduardo Nunez,1701,0.6,0.8420000000000001,0.542,98.6,25.2,2126.0,89.6,88.98,5.97
221,10,Jake Marisnick,890,1.1,1.3880000000000001,0.726,103.5,28.7,2090.0,86.9,86.16,5.92
222,10,Willson Contreras,2120,0.5,1.239,0.682,103.0,25.8,2244.0,87.1,86.84,6.07
223,10,Nick Hundley,1140,0.9,0.977,0.537,100.7,29.0,2213.0,86.9,86.06,5.69
224,10,Willy Adames,1329,0.8,1.547,0.769,105.7,32.0,2297.0,91.4,90.8,6.12
225,10,Jean Segura,2209,0.5,1.445,0.75,103.2,27.7,2172.0,88.4,87.79,5.93
226,10,Adam Frazier,1363,0.7,0.953,0.531,99.3,28.6,2165.0,87.3,86.43,5.61
227,10,Ji-Man Choi,917,1.1,1.473,0.759,104.1,29.1,2199.0,90.8,90.19,5.95
228,10,Lorenzo Cain,2452,0.4,1.252,0.6970000000000001,103.2,25.6,2161.0,88.4,87.62,5.76
229,10,Russell Martin,1474,0.7,0.972,0.5489999999999999,100.2,27.6,2309.0,90.6,89.87,5.86
230,9,Jorge Soler,1039,0.9,1.507,0.7829999999999999,105.9,28.8,2150.0,87.7,87.47,6.08
231,9,Jay Bruce,1423,0.6,1.265,0.638,102.4,31.8,2168.0,87.5,87.18,6.11
232,9,Omar Narvaez,1311,0.7,0.76,0.413,97.7,30.7,2129.0,88.6,88.28,5.96
233,9,Pablo Sandoval,1056,0.9,1.361,0.698,103.6,28.9,2262.0,90.7,90.26,5.93
234,9,Danny Valencia,1066,0.8,1.5519999999999998,0.838,105.9,25.7,2247.0,86.1,86.02,6.26
235,9,Victor Martinez,1908,0.5,1.379,0.74,102.8,26.8,2349.0,89.6,88.93,5.96
236,9,Mikie Mahtook,1070,0.8,1.36,0.7609999999999999,104.6,26.9,2292.0,89.7,89.88,6.23
237,9,Daniel Robertson,1421,0.6,1.376,0.7040000000000001,103.0,30.4,2221.0,87.0,85.38,5.39
238,9,Tyler O'Neill,566,1.6,1.3730000000000002,0.6890000000000001,105.4,32.2,2132.0,89.4,89.2,6.08
239,9,Hernan Perez,1266,0.7,1.442,0.8009999999999999,103.8,24.9,2050.0,89.4,89.5,6.27
240,9,John Ryan Murphy,910,1.0,1.3780000000000001,0.691,103.4,31.3,2173.0,87.9,87.71,6.08
241,9,Luis Valbuena,1237,0.7,1.476,0.743,104.2,30.3,2180.0,90.9,90.22,5.88
242,9,John Hicks,1162,0.8,1.304,0.68,102.0,28.4,2201.0,85.0,84.43,5.91
243,9,Amed Rosario,2130,0.4,1.286,0.713,102.9,26.4,2266.0,88.7,88.33,6.09
244,9,Martin Maldonado,1520,0.6,1.1,0.557,101.8,33.1,2239.0,90.2,90.11,6.2
245,9,JT Riddle,1240,0.7,1.1059999999999999,0.639,100.0,27.7,2205.0,90.3,90.39,6.31
246,9,Carlos Gomez,1433,0.6,1.439,0.743,105.4,30.4,2148.0,86.2,85.36,5.73
247,9,Johnny Field,911,1.0,1.181,0.64,101.4,28.3,2223.0,87.5,86.91,5.94
248,9,Ben Zobrist,2018,0.4,0.856,0.508,100.3,29.0,2226.0,90.8,90.34,5.97
249,9,Kolten Wong,1512,0.6,1.081,0.589,102.0,29.9,2184.0,90.1,89.43,5.98
250,9,Manny Pina,1315,0.7,1.389,0.747,103.6,26.4,2302.0,92.4,92.0,5.92
251,9,Yoenis Cespedes,592,1.5,1.3530000000000002,0.713,106.4,29.6,2265.0,85.8,85.46,6.13
252,8,Aaron Altherr,1155,0.7,1.5619999999999998,0.795,104.3,28.6,2267.0,84.5,84.09,6.09
253,8,Alen Hanson,1130,0.7,1.119,0.619,101.8,28.0,2213.0,90.2,89.53,5.79
254,8,Dexter Fowler,1375,0.6,0.728,0.426,97.8,28.8,2158.0,92.1,92.04,6.23
255,8,James McCann,1832,0.4,1.137,0.599,101.5,29.5,2046.0,88.9,88.61,6.0
256,8,Jason Heyward,1830,0.4,1.3259999999999998,0.745,103.7,25.5,2201.0,91.7,91.14,6.04
257,8,Joey Rickard,900,0.9,1.013,0.562,100.1,28.4,2212.0,92.5,92.35,6.23
258,8,Josh Donaldson,883,0.9,1.266,0.647,104.5,31.0,2140.0,89.0,88.23,5.85
259,8,Josh Harrison,1375,0.6,0.97,0.525,99.7,29.9,2059.0,86.4,86.11,5.93
260,8,Manuel Margot,1913,0.4,1.148,0.643,102.5,26.6,2095.0,84.9,84.16,5.7
261,8,Matt Wieters,1066,0.8,1.163,0.611,102.1,30.6,2089.0,92.5,91.79,5.84
262,8,Max Stassi,952,0.8,1.4369999999999998,0.743,104.2,28.9,2389.0,91.0,90.59,5.98
263,8,Nicky Delmonico,1248,0.6,1.167,0.685,102.4,26.1,2233.0,89.2,88.88,5.99
264,8,Pedro Alvarez,537,1.5,1.419,0.732,108.5,30.6,2315.0,89.8,89.48,6.16
265,8,Renato Nunez,1037,0.8,1.339,0.735,104.1,27.3,2212.0,89.1,88.59,6.04
266,8,Scott Kingery,1964,0.4,1.133,0.643,102.0,26.6,2212.0,90.2,90.41,6.3
267,8,Tyler Flowers,1214,0.7,1.4169999999999998,0.753,104.9,27.8,2304.0,89.0,88.16,5.75
268,8,Yairo Munoz,1224,0.7,1.105,0.578,102.6,30.4,2176.0,87.6,87.1,5.99
269,8,Yolmer Sanchez,2627,0.3,1.369,0.764,102.7,24.8,2132.0,91.8,92.03,6.33
270,7,Phillip Ervin,991,0.7,1.268,0.672,101.6,28.0,2228.0,90.9,90.96,6.24
271,7,Brad Miller,974,0.7,1.4140000000000001,0.767,104.5,26.4,2030.0,88.7,88.13,6.03
272,7,Kevin Plawecki,1068,0.7,1.272,0.6829999999999999,102.3,28.6,2324.0,88.1,88.09,6.26
273,7,Kevin Kiermaier,1357,0.5,1.207,0.643,100.7,27.4,2127.0,84.7,83.91,5.83
274,7,Joey Wendle,1981,0.4,1.5630000000000002,0.8390000000000001,104.6,25.6,2137.0,89.8,90.1,6.4
275,7,Mitch Garver,1373,0.5,1.614,0.845,104.4,27.9,2406.0,89.6,89.0,5.81
276,7,Brandon Guyer,873,0.8,0.915,0.503,99.4,30.4,2299.0,91.3,91.19,6.27
277,7,Brian McCann,837,0.8,1.035,0.551,99.6,29.3,2250.0,91.5,90.94,5.96
278,7,Cory Spangenberg,1294,0.5,1.486,0.752,103.0,29.4,2289.0,89.2,88.69,5.9
279,7,Jesse Winker,1256,0.6,1.261,0.653,101.7,29.7,2291.0,90.0,89.3,5.71
280,7,Matt Joyce,999,0.7,1.5730000000000002,0.802,104.2,29.9,2015.0,87.2,87.03,6.17
281,7,Franchy Cordero,624,1.1,1.881,0.935,111.4,28.0,2210.0,88.4,87.9,5.91
282,7,Brock Holt,1473,0.5,1.5219999999999998,0.7809999999999999,103.3,29.0,2389.0,92.5,92.5,6.23
283,7,Jefry Marte,858,0.8,1.3780000000000001,0.745,103.4,27.0,2277.0,87.6,87.16,5.97
284,7,Wilmer Difo,1816,0.4,1.0959999999999999,0.583,99.8,29.3,2376.0,92.6,92.24,6.16
285,7,Alex Avila,995,0.7,1.386,0.6920000000000001,104.0,31.3,2244.0,90.2,90.41,6.36
286,6,Jake Lamb,975,0.6,1.067,0.5539999999999999,101.7,32.7,2306.0,88.5,87.33,5.53
287,6,Brian Goodwin,785,0.8,1.7109999999999999,0.875,104.5,28.7,2286.0,90.3,90.03,6.17
288,6,Joe Mauer,2257,0.3,1.429,0.736,103.1,29.0,2156.0,92.0,91.78,6.1
289,6,Adam Engel,1694,0.4,1.2770000000000001,0.738,103.2,24.8,2183.0,89.9,90.05,6.3
290,6,Preston Tucker,716,0.8,1.2570000000000001,0.6940000000000001,103.5,27.5,2279.0,86.3,86.22,6.15
291,6,Hanley Ramirez,747,0.8,1.3130000000000002,0.787,108.2,21.7,2094.0,86.3,85.58,5.82
292,6,Gerardo Parra,1586,0.4,1.2109999999999999,0.655,101.4,28.0,2005.0,88.9,88.68,6.07
293,6,Jorge Polanco,1403,0.4,1.003,0.601,101.6,25.3,2234.0,91.1,90.65,6.0
294,6,Francisco Arcia,379,1.6,1.016,0.598,99.8,26.3,2091.0,88.2,88.0,6.15
295,6,Erik Kratz,805,0.7,1.419,0.7120000000000001,103.4,31.3,2165.0,88.5,88.53,6.18
296,6,Welington Castillo,743,0.8,1.376,0.6990000000000001,103.8,30.8,2317.0,89.8,89.18,5.98
297,6,Elvis Andrus,1627,0.4,1.181,0.643,102.2,28.0,2272.0,90.4,89.6,5.93
298,6,Ehire Adrianza,1414,0.4,1.052,0.561,100.1,29.7,2023.0,92.2,92.72,6.43
299,6,Adeiny Hechavarria,1106,0.5,0.75,0.47,99.3,27.2,2398.0,89.2,88.2,5.75
300,6,Dustin Fowler,766,0.8,1.5019999999999998,0.765,103.1,28.8,2176.0,90.4,90.15,6.05
301,6,Jose Rondon,451,1.3,1.0590000000000002,0.628,102.7,25.5,2348.0,87.0,86.43,5.77
302,6,Jordy Mercer,1677,0.4,1.4140000000000001,0.743,103.3,27.8,2124.0,92.0,91.75,6.05
303,6,Austin Meadows,772,0.8,1.117,0.637,101.3,25.2,2198.0,87.5,87.38,6.22
304,6,Melky Cabrera,1015,0.6,1.0070000000000001,0.625,102.3,25.5,2229.0,91.6,91.17,5.93
305,6,Michael A. Taylor,1514,0.4,1.49,0.768,103.9,29.5,2204.0,85.7,84.73,5.57
306,6,David Bote,820,0.7,1.7530000000000001,0.927,107.9,24.2,2220.0,90.3,89.97,5.87
308,6,Billy McKinney,522,1.1,1.7069999999999999,0.8540000000000001,105.5,28.3,2218.0,91.8,91.13,5.97
309,6,Adrian Gonzalez,690,0.9,1.6159999999999999,0.826,104.6,27.5,2204.0,88.6,88.2,6.03
310,6,Taylor Ward,578,1.0,1.433,0.769,102.5,26.8,2222.0,88.8,87.77,5.6
311,6,Chris Young,547,1.1,1.153,0.633,101.1,27.7,2125.0,88.6,88.3,6.08
312,6,Brandon Lowe,581,1.0,1.4140000000000001,0.738,102.6,28.7,2336.0,86.2,85.15,5.65
313,6,Ryan Rua,590,1.0,1.3090000000000002,0.748,103.9,25.7,2270.0,92.8,92.07,5.87
314,5,Adam Eaton,1476,0.3,1.2209999999999999,0.667,101.7,26.8,2052.0,88.6,88.46,6.02
315,5,Addison Russell,1840,0.3,0.887,0.49200000000000005,99.8,30.2,1880.0,83.6,83.06,5.76
316,5,Sean Rodriguez,744,0.7,1.5190000000000001,0.769,104.6,29.8,2078.0,89.1,89.16,6.32
317,5,Dilson Herrera,417,1.2,1.456,0.732,103.4,29.8,2230.0,91.5,91.2,6.02
318,5,Domingo Santana,915,0.5,1.3940000000000001,0.7040000000000001,105.9,31.8,2304.0,89.6,88.9,5.76
319,5,Dominic Smith,574,0.9,1.436,0.73,102.4,29.0,2069.0,90.2,89.88,6.06
320,5,Jose Briceno,481,1.0,1.3159999999999998,0.6779999999999999,102.4,30.0,2056.0,87.5,86.36,5.64
321,5,Guillermo Heredia,1279,0.4,0.805,0.479,97.9,26.6,2162.0,88.7,87.24,5.5
322,5,Albert Almora Jr.,1608,0.3,0.843,0.474,99.6,25.0,2242.0,86.9,86.78,5.92
323,5,Jose Iglesias,1693,0.3,1.075,0.604,100.6,27.0,2337.0,90.7,90.48,6.12
324,5,Steven Souza Jr.,1123,0.4,1.354,0.752,105.0,24.8,2327.0,84.5,83.48,5.76
325,5,Ronny Rodriguez,788,0.6,0.934,0.5429999999999999,100.2,27.0,2316.0,84.9,84.54,6.04
326,5,Zack Cozart,987,0.5,1.215,0.653,101.6,28.2,2313.0,88.8,88.62,6.1
327,5,Franklin Barreto,302,1.7,1.5030000000000001,0.7490000000000001,106.1,32.0,2297.0,88.7,89.32,6.48
328,5,Ramon Laureano,727,0.7,1.8230000000000002,0.9109999999999999,106.1,27.6,1983.0,88.1,87.14,5.76
329,5,Robbie Grossman,1908,0.3,1.06,0.563,99.8,27.4,2378.0,91.0,90.42,6.02
330,5,Sandy Leon,1160,0.4,1.305,0.718,103.2,27.6,1913.0,88.5,87.74,5.96
331,5,Tyler Saladino,558,0.9,1.465,0.787,104.1,26.0,2256.0,90.0,89.46,5.9
332,5,Buster Posey,1679,0.3,1.189,0.637,102.2,30.8,2395.0,89.1,88.8,6.02
333,5,Brandon Dixon,486,1.0,1.7209999999999999,0.888,106.4,26.6,2214.0,92.8,92.92,6.32
334,5,Jose Pirela,1818,0.3,1.421,0.8170000000000001,105.9,22.2,2014.0,85.5,85.36,6.06
335,5,Ryan McMahon,785,0.6,1.3030000000000002,0.7070000000000001,102.3,25.8,1956.0,88.3,88.76,6.26
336,4,Peter O'Brien,318,1.3,1.127,0.62,105.1,30.3,2120.0,93.7,94.0,6.53
337,4,Leury Garcia,942,0.4,1.329,0.6709999999999999,102.3,30.0,2104.0,90.8,90.65,6.15
338,4,Andrew Knapp,890,0.4,1.3780000000000001,0.713,102.5,29.5,2384.0,93.4,92.73,5.95
339,4,Jonathan Lucroy,1760,0.2,1.064,0.609,100.4,26.8,2001.0,85.3,85.93,6.33
340,4,Cedric Mullins,770,0.5,0.98,0.574,99.9,26.3,2052.0,91.7,91.68,6.25
341,4,Mac Williamson,428,0.9,1.7890000000000001,0.9470000000000001,110.1,22.8,2509.0,86.3,85.33,5.88
342,4,Jose Reyes,967,0.4,0.8029999999999999,0.444,98.2,29.0,2174.0,81.8,80.78,5.63
343,4,Aramis Garcia,267,1.5,1.264,0.705,101.8,26.8,2202.0,90.1,90.4,6.33
344,4,Derek Fisher,337,1.2,1.226,0.677,104.2,25.3,2190.0,92.0,92.18,6.25
345,4,Matt Duffy,2124,0.2,1.075,0.599,100.4,29.3,1997.0,90.5,89.28,5.78
346,4,Joe Panik,1488,0.3,1.013,0.581,102.3,29.0,2462.0,89.9,89.5,6.2
348,4,Austin Barnes,1022,0.4,1.1440000000000001,0.64,101.2,26.8,2121.0,84.5,83.85,5.88
349,4,Austin Dean,485,0.8,1.297,0.7140000000000001,102.4,25.3,2316.0,88.6,88.23,5.98
350,4,Travis Jankowski,1564,0.3,0.879,0.532,99.2,25.5,2518.0,86.4,85.4,5.65
351,4,Chris Owings,1119,0.4,1.31,0.747,102.5,24.8,2355.0,90.7,90.85,6.35
352,4,Michael Lorenzen,129,3.1,0.828,0.49,101.3,30.0,2162.0,89.6,89.5,6.05
353,4,Daniel Vogelbach,424,0.9,1.364,0.752,105.0,25.8,2303.0,93.7,93.15,6.08
354,4,Austin Wynns,444,0.9,1.061,0.578,102.4,30.8,2288.0,89.6,88.7,5.83
355,4,Curt Casali,561,0.7,0.6729999999999999,0.342,97.8,32.5,2221.0,92.6,91.98,6.0
356,4,Billy Hamilton,2135,0.2,0.74,0.456,97.5,24.8,2274.0,85.7,85.0,5.88
357,4,Rowdy Tellez,268,1.5,1.4,0.741,102.9,27.5,2118.0,89.9,90.3,6.48
358,4,Jorge Bonifacio,1115,0.4,0.701,0.386,98.2,32.0,2305.0,90.8,90.23,5.85
359,4,Cameron Maybin,1515,0.3,1.578,0.877,106.6,23.3,2152.0,89.9,89.18,5.88
360,4,Isiah Kiner-Falefa,1499,0.3,0.746,0.495,98.7,23.8,2555.0,88.5,87.8,6.0
361,4,Rene Rivera,356,1.1,1.704,0.84,105.8,29.0,2277.0,93.2,92.78,6.03
362,4,Hunter Pence,965,0.4,1.4040000000000001,0.725,103.5,30.0,2370.0,89.1,88.43,6.03
363,4,Howie Kendrick,557,0.7,1.589,0.846,107.1,28.0,2043.0,87.9,87.53,6.03
364,4,Keon Broxton,355,1.1,1.3880000000000001,0.758,103.9,25.5,2180.0,92.0,91.65,6.0
365,4,Patrick Wisdom,236,1.7,1.453,0.78,104.2,24.3,2424.0,86.7,86.23,5.9
366,4,Alcides Escobar,1928,0.2,0.897,0.45799999999999996,99.6,32.3,2239.0,90.1,89.9,6.23
367,3,Tony Wolters,808,0.4,1.105,0.5870000000000001,100.9,30.0,2347.0,89.6,90.0,6.4
368,3,Greg Garcia,803,0.4,0.932,0.58,102.6,25.7,2085.0,83.9,82.8,5.5
369,3,Luke Maile,950,0.3,1.306,0.728,101.9,25.0,2325.0,85.8,84.53,5.8
370,3,Francisco Mejia,239,1.3,1.251,0.69,101.1,27.0,1881.0,91.6,90.57,5.93
371,3,Miguel Cabrera,602,0.5,1.41,0.7959999999999999,105.5,25.0,2178.0,85.5,84.07,5.6
372,3,Willians Astudillo,299,1.0,1.149,0.647,101.2,25.7,2423.0,89.9,89.33,5.87
373,3,Kyle Higashioka,267,1.1,1.219,0.617,102.8,32.7,2238.0,91.6,90.8,5.73
374,3,Blake Swihart,799,0.4,1.281,0.698,101.7,26.3,1972.0,90.7,90.57,6.27
375,3,Kevan Smith,679,0.4,1.672,0.858,104.2,26.3,2162.0,84.5,83.93,6.0
376,3,Jordan Luplow,437,0.7,1.577,0.8079999999999999,103.7,26.3,2289.0,93.6,93.93,6.3
377,3,Drew Butera,724,0.4,0.843,0.611,96.4,22.0,2334.0,88.7,88.8,6.1
378,3,Drew Robinson,577,0.5,1.6119999999999999,0.8190000000000001,104.4,30.3,2048.0,84.2,82.97,5.63
379,3,Abraham Almonte,608,0.5,1.5030000000000001,0.7709999999999999,105.3,26.0,2053.0,90.8,90.5,6.1
380,3,DJ Stewart,190,1.6,0.9990000000000001,0.544,100.5,30.7,2386.0,82.2,81.63,6.07
381,3,J.P. Crawford,604,0.5,1.413,0.7070000000000001,103.0,31.3,2332.0,92.9,92.4,6.03
382,3,Raffy Lopez,485,0.6,1.446,0.753,103.7,29.0,2307.0,91.1,91.0,6.25
383,3,Christian Vazquez,1014,0.3,0.73,0.40399999999999997,97.8,29.3,2443.0,93.3,92.9,6.07
384,3,Victor Robles,233,1.3,1.193,0.6459999999999999,100.9,27.7,2093.0,89.2,89.23,6.3
385,3,Jim Adduci,681,0.4,0.9359999999999999,0.511,99.5,30.3,2393.0,88.7,87.6,5.7
386,3,Jeff McNeil,838,0.4,1.167,0.586,103.9,35.3,2169.0,81.2,80.97,6.03
387,3,Orlando Arcia,1312,0.2,1.087,0.5770000000000001,100.0,30.0,2257.0,92.2,91.17,5.83
388,3,Jose Osuna,411,0.7,1.631,0.884,105.5,24.7,2106.0,90.8,90.23,5.97
389,3,Jace Peterson,1098,0.3,1.729,0.894,105.2,25.3,2167.0,91.4,91.07,6.1
390,3,Chase d'Arnaud,395,0.8,1.165,0.63,99.9,27.3,2097.0,85.5,85.07,6.07
391,3,Cheslor Cuthbert,475,0.6,0.925,0.528,101.2,29.3,2145.0,93.3,92.83,5.93
392,3,Austin Jackson,1599,0.2,1.45,0.7490000000000001,102.5,29.3,1762.0,81.9,81.77,6.0
393,3,Christian Walker,224,1.3,1.9669999999999999,0.975,110.6,27.0,2397.0,90.2,90.03,6.07
394,3,Tyler Naquin,671,0.4,1.584,0.8540000000000001,105.0,25.3,1818.0,87.9,86.93,5.8
395,3,Max Moroff,273,1.1,1.403,0.7659999999999999,102.5,26.0,2283.0,91.5,91.5,6.4
396,3,Trayce Thompson,603,0.5,1.77,0.885,107.1,29.7,2111.0,90.8,90.9,6.2
397,3,Isaac Galloway,281,1.1,1.217,0.623,101.6,31.7,2011.0,78.7,78.37,6.03
398,3,Caleb Joseph,1088,0.3,0.706,0.376,97.7,31.7,2263.0,84.0,83.23,5.97
399,3,Pablo Reyes,229,1.3,0.9620000000000001,0.564,100.1,25.7,2050.0,87.0,86.5,6.0
400,3,Jon Jay,2256,0.1,1.024,0.547,99.2,30.0,2648.0,84.6,84.3,5.87
401,3,Danny Jansen,355,0.8,1.324,0.6859999999999999,102.6,31.3,2292.0,89.0,87.63,5.53
402,2,Bradley Zimmer,410,0.5,1.516,0.8029999999999999,106.7,29.5,2417.0,84.3,83.3,5.65
403,2,Jose Miguel Fernandez,445,0.4,1.185,0.6459999999999999,101.1,26.5,1980.0,87.6,87.1,6.15
404,2,Josh Phegley,388,0.5,1.149,0.613,100.9,26.5,2338.0,85.3,84.85,6.05
405,2,Jarrod Dyson,868,0.2,1.432,0.753,102.3,27.5,2106.0,92.6,93.4,6.75
406,2,Gregor Blanco,816,0.2,0.8759999999999999,0.465,99.0,29.5,2307.0,92.1,91.3,6.05
407,2,Greg Allen,1127,0.2,1.115,0.644,100.5,26.0,2019.0,86.5,86.15,6.0
408,2,Lane Adams,107,1.9,1.8019999999999998,0.9079999999999999,104.8,27.5,1776.0,84.0,82.9,5.65
409,2,Francisco Pena,527,0.4,1.6909999999999998,0.9059999999999999,106.7,26.0,2429.0,87.9,86.75,5.45
410,2,Logan Forsythe,1700,0.1,1.0170000000000001,0.5720000000000001,99.5,27.5,2232.0,91.5,90.65,5.7
411,2,Luis Urias,205,1.0,1.0390000000000001,0.544,99.9,29.0,2323.0,93.5,92.55,5.85
412,2,Mallex Smith,2061,0.1,0.934,0.519,98.9,28.0,2344.0,88.4,87.3,5.65
413,2,Dwight Smith Jr.,305,0.7,0.81,0.528,103.9,24.5,2431.0,86.6,85.55,5.65
414,2,Mason Williams,473,0.4,1.4980000000000002,0.7879999999999999,102.2,26.0,2393.0,91.1,91.85,6.6
415,2,Delino DeShields,1574,0.1,0.7929999999999999,0.42,96.9,32.0,2246.0,90.7,90.75,6.25
416,2,Matt Holliday,273,0.7,0.9470000000000001,0.539,99.0,27.0,2610.0,83.0,83.55,6.25
417,2,Corey Seager,432,0.5,1.963,0.986,108.4,25.0,2196.0,87.0,86.65,6.05
418,2,Miles Mikolas,221,0.9,1.725,0.882,104.8,26.5,2069.0,89.0,89.05,6.05
419,2,Christin Stewart,313,0.6,0.665,0.32799999999999996,97.9,33.0,1801.0,84.5,84.4,6.2
420,2,Chris Herrmann,355,0.6,1.815,0.915,106.4,28.0,2513.0,95.7,95.15,6.15
421,2,Chris Gimenez,276,0.7,1.548,0.84,104.3,24.5,2088.0,95.3,94.05,5.65
422,2,Noel Cuevas,512,0.4,1.149,0.7040000000000001,103.4,21.0,2057.0,87.8,88.05,6.35
423,2,Chance Sisco,728,0.3,1.5919999999999999,0.825,103.3,28.0,2147.0,91.7,90.4,5.6
424,2,Pat Valaika,477,0.4,1.176,0.5820000000000001,101.9,33.5,2337.0,83.9,83.45,5.75
425,2,Pedro Florimon,345,0.6,1.1520000000000001,0.569,100.6,32.0,2330.0,82.7,81.9,5.75
426,2,Pedro Severino,827,0.2,1.893,0.9540000000000001,106.5,25.5,2343.0,91.3,91.55,6.3
427,2,Carlos Asuaje,841,0.2,1.004,0.593,100.0,27.0,1995.0,83.4,83.5,5.95
428,2,Reese McGuire,123,1.6,0.7290000000000001,0.455,98.5,26.0,2494.0,83.3,82.05,5.6
429,2,Roberto Perez,866,0.2,1.4909999999999999,0.885,108.4,20.5,2248.0,92.3,92.95,6.8
430,2,Rob Refsnyder,429,0.5,1.7590000000000001,0.882,106.2,31.0,2154.0,89.1,88.6,6.0
431,2,Roman Quinn,560,0.4,0.99,0.64,102.2,23.5,1997.0,86.9,86.6,6.0
432,2,Ryan Flaherty,692,0.3,1.7819999999999998,0.929,106.1,24.5,2009.0,90.7,90.5,6.1
433,2,Ryan LaMarre,744,0.3,1.206,0.718,103.1,23.0,2243.0,91.5,91.4,6.3
434,2,Brett Phillips,584,0.3,0.9279999999999999,0.45899999999999996,101.9,34.0,1948.0,81.0,81.0,6.0
436,2,Spencer Kieboom,529,0.4,0.9640000000000001,0.534,99.1,28.5,2011.0,92.6,92.75,6.45
437,2,Steven Duggar,640,0.3,0.909,0.516,100.8,29.0,2447.0,84.5,84.4,6.25
438,2,Steven Matz,221,0.9,0.992,0.545,98.8,26.5,2411.0,86.8,86.4,6.3
439,2,Bobby Wilson,606,0.3,1.08,0.607,100.0,25.5,2440.0,88.2,87.7,5.8
441,2,Victor Caratini,794,0.3,1.5719999999999998,0.861,103.8,24.5,2105.0,93.1,93.3,6.45
442,2,Willie Calhoun,376,0.5,1.704,0.9,104.9,25.0,2287.0,94.2,93.2,5.85
443,2,John Gant,132,1.5,1.229,0.7240000000000001,101.7,24.5,2294.0,91.1,91.1,6.3
444,1,Chad Wallach,208,0.5,1.5919999999999999,0.816,105.3,33.0,2649.0,90.1,89.0,5.5
445,1,Ryan Cordell,150,0.7,1.931,0.958,107.0,28.0,2367.0,97.5,96.9,5.8
446,1,Jesus Sucre,673,0.1,0.7559999999999999,0.48700000000000004,98.4,25.0,1859.0,79.2,79.5,6.5
447,1,Ildemaro Vargas,58,1.7,1.34,0.763,101.7,25.0,2237.0,92.5,92.2,6.5
450,1,Nolan Fontana,47,2.1,0.909,0.5660000000000001,99.4,25.0,2353.0,92.1,92.9,6.3
452,1,Brent Suter,106,0.9,1.4140000000000001,0.7240000000000001,102.2,29.0,2113.0,88.8,88.0,6.1
453,1,Jake Arrieta,206,0.5,0.813,0.42100000000000004,100.8,35.0,2063.0,90.6,91.1,6.3
454,1,Brandon Woodruff,30,3.3,1.482,0.753,102.4,28.0,2286.0,91.5,90.0,5.2
455,1,Brandon Phillips,112,0.9,1.9769999999999999,0.9790000000000001,108.5,30.0,2187.0,95.2,95.2,6.1
457,1,Adam Moore,69,1.4,1.844,0.9259999999999999,105.1,27.0,2090.0,82.0,80.5,5.1
459,1,Chris Shaw,224,0.4,1.982,0.9790000000000001,108.3,26.0,2268.0,85.8,85.4,5.4
461,1,Christian Arroyo,228,0.4,0.813,0.42100000000000004,101.3,35.0,2459.0,87.0,86.1,6.0
462,1,Shane Robinson,202,0.5,1.149,0.629,99.5,29.0,2141.0,92.5,91.8,5.9
463,1,Brandon Drury,336,0.3,1.0759999999999998,0.65,101.4,24.0,2770.0,86.5,85.2,5.5
465,1,Socrates Brito,175,0.6,0.8590000000000001,0.595,100.0,24.0,1696.0,85.6,85.4,5.9
466,1,Juan Centeno,144,0.7,0.752,0.47100000000000003,97.7,26.0,2262.0,92.6,93.0,6.3
468,1,Myles Straw,40,2.5,0.746,0.413,98.0,29.0,2344.0,93.8,94.2,6.6
469,1,Jett Bandy,288,0.3,0.868,0.4,99.0,31.0,1921.0,91.7,91.1,6.0
471,1,Jon Lester,247,0.4,1.3419999999999999,0.81,102.8,23.0,2272.0,95.5,96.4,6.3
473,1,Yandy Diaz,470,0.2,1.149,0.629,99.8,29.0,2023.4443347869524,81.5,80.0,5.2
474,1,Taylor Motter,150,0.7,1.865,0.95,105.5,26.0,1918.0,89.3,89.3,6.5
476,1,Colby Rasmus,198,0.5,1.055,0.526,101.3,33.0,2507.0,94.7,93.4,5.8
477,1,Cole Hamels,99,1.0,1.775,0.9259999999999999,105.0,25.0,2236.0,94.7,94.9,6.1
478,1,Craig Gentry,649,0.2,1.27,0.695,101.1,27.0,2188.0,87.3,87.5,6.3
479,1,Tim Federowicz,195,0.5,1.58,0.826,102.8,29.0,2092.0,92.4,92.9,6.4
480,1,Ben Gamel,1193,0.1,1.2309999999999999,0.81,105.0,21.0,2629.0,84.3,83.0,5.6
481,1,Tomas Nido,318,0.3,1.111,0.703,101.9,23.0,1800.0,87.4,87.5,6.4
482,1,J.D. Davis,424,0.2,0.948,0.47600000000000003,106.9,40.0,2563.0,94.4,93.4,5.9
483,1,Tommy La Stella,725,0.1,1.4140000000000001,0.703,102.1,30.0,2215.0,94.8,94.3,6.0
485,1,Tony Cruz,92,1.1,1.8980000000000001,0.94,105.8,28.0,2278.0,92.3,92.5,6.1
487,1,Michael Hermosillo,252,0.4,1.99,0.987,108.8,25.0,2364.0,88.1,87.3,5.6
488,1,Travis d'Arnaud,57,1.8,1.4069999999999998,0.884,107.9,20.0,2061.0,92.8,93.2,6.7
489,1,Adam Rosales,64,1.6,1.215,0.732,101.6,24.0,2304.0,88.2,87.0,5.4
490,1,Austin Slater,923,0.1,1.775,0.9259999999999999,105.0,25.0,2330.0,95.4,94.0,6.0
491,1,David Fletcher,1175,0.1,0.9109999999999999,0.524,98.9,26.0,1923.0,91.2,90.3,5.8
492,1,David Freitas,411,0.2,1.055,0.526,101.3,33.0,2184.0,92.0,90.1,5.5
493,1,Trevor Plouffe,51,2.0,1.482,0.753,101.7,28.0,2320.0,84.3,84.0,6.4
494,1,Matt Szczur,314,0.3,1.275,0.7,101.4,26.0,2397.0,88.7,87.9,5.6
495,1,Matt Skole,52,1.9,1.9880000000000002,0.987,110.1,27.0,2098.0,89.9,89.0,5.7
496,1,Dawel Lugo,361,0.3,1.111,0.703,102.1,23.0,2138.0,95.6,96.5,6.9
497,1,Dixon Machado,924,0.1,0.9520000000000001,0.6920000000000001,104.2,20.0,2420.0,93.1,92.7,6.4
498,1,Martin Prado,819,0.1,1.0759999999999998,0.65,101.4,24.0,2173.0,89.7,88.4,5.7
500,1,Anthony Santander,432,0.2,1.411,0.687,105.2,35.0,2369.0,93.6,92.3,5.9
501,1,Eric Young Jr.,437,0.2,1.27,0.695,101.5,27.0,2180.0,88.3,87.6,5.8
502,1,Tyler Wade,273,0.4,1.286,0.71,101.1,28.0,2202.0,89.6,89.2,6.0
503,1,Anthony DeSclafani,153,0.7,1.3419999999999999,0.81,102.7,23.0,2057.0,92.3,92.3,6.0
504,1,Tyson Ross,193,0.5,1.482,0.753,101.5,28.0,2416.0,88.7,88.9,6.3
506,1,Jeff Mathis,876,0.1,0.914,0.637,103.0,20.0,2288.0,96.4,96.6,6.2
507,1,Andrew Stevenson,344,0.3,1.14,0.6659999999999999,101.3,25.0,2630.0,86.0,85.7,5.8
508,1,Victor Reyes,817,0.1,1.472,0.742,101.7,27.0,2532.0,94.4,95.2,6.6
509,1,Erik Gonzalez,510,0.2,1.8559999999999999,0.953,106.1,25.0,2013.0,83.4,83.1,5.9
512,1,Gabriel Guerrero,72,1.4,1.8980000000000001,0.94,106.4,28.0,2253.0,86.2,85.7,5.9
514,1,Alex Verdugo,347,0.3,1.055,0.526,100.6,33.0,2374.0,95.7,95.3,6.0
518,1,Gio Urshela,175,0.6,1.141,0.61,100.2,30.0,1280.0,81.1,80.5,5.8
519,1,Kaleb Cowart,478,0.2,1.4369999999999998,0.742,102.7,32.0,2059.0,95.9,95.6,6.1
520,1,A.J. Ellis,793,0.1,1.5519999999999998,0.847,102.9,25.0,1656.0,83.8,84.3,6.3
521,1,Cam Gallagher,264,0.4,0.987,0.524,100.5,31.0,2123.0,83.8,82.4,5.1
522,1,Richard Urena,405,0.2,1.422,0.8340000000000001,104.6,22.0,2468.0,84.1,84.0,6.2
523,1,Rajai Davis,792,0.1,0.648,0.51,102.2,19.0,2303.0,89.7,89.4,6.6
524,1,Yadiel Rivera,642,0.2,1.4240000000000002,0.784,102.2,26.0,1375.0,82.1,81.8,6.1
525,1,Raimel Tapia,104,1.0,0.9590000000000001,0.5920000000000001,100.4,25.0,2300.0,96.2,96.6,6.6
526,1,Phil Gosselin,112,0.9,1.023,0.653,101.5,23.0,2315.0,95.9,95.1,6.1
527,1,A.J. Cole,12,8.3,0.919,0.679,105.2,19.0,2224.0,88.9,89.5,6.5
528,1,Zach Eflin,172,0.6,1.7309999999999999,0.94,106.1,23.0,2034.0,87.4,89.0,7.1
530,1,Bruce Maxwell,217,0.5,1.97,0.982,108.4,25.0,2001.0,90.2,91.3,6.7
531,1,Peter Bourjos,172,0.6,0.605,0.413,97.9,23.0,2281.0,91.6,91.4,6.0
533,1,Pete Kozma,276,0.4,0.968,0.513,98.6,27.0,2099.0,87.4,84.5,5.1
534,1,Carlos Martinez,128,0.8,1.776,0.905,103.6,26.0,2071.0,91.6,91.0,6.0
